channel,campaign,total_cost,total_impressions,total_clicks,total_sessions,total_atc,total_begin_checkout,total_purchases,total_revenue,roas,cpa,blended_ctr,cvr,atc_rate,atc_to_purchase_rate,spend_share,attribution_type
Google,Brand Search,34751.08,232886,18811,16600,3306,2977,1406,181360.5200000001,5.22,24.72,0.08077,0.0847,0.19916,0.42529,0.1359,attributed
Direct,Unattributed,0.0,0,0,0,0,0,1281,157791.65,,0.0,,,,,,unattributed
Google,Non-Brand Search,50657.58999999998,1822133,55085,48580,7274,5190,1033,132578.5300000003,2.62,49.04,0.03023,0.02126,0.14973,0.14201,0.1981,attributed
Google,Shopping,37789.139999999985,3973528,57979,50870,7117,4928,934,120015.31000000007,3.18,40.46,0.01459,0.01836,0.13991,0.13124,0.1478,attributed
Google,Performance Max,66561.46000000017,10909525,85387,75196,14239,7871,672,86494.90000000008,1.3,99.05,0.00783,0.00894,0.18936,0.04719,0.2603,attributed
Meta,Retargeting,19829.230000000036,1395752,34108,30368,4505,3434,418,53732.20999999995,2.71,47.44,0.02444,0.01376,0.14835,0.09279,0.0775,attributed
Meta,Prospecting,46142.65000000012,8733052,102530,90047,15452,6250,295,38190.430000000015,0.83,156.42,0.01174,0.00328,0.1716,0.01909,0.1804,attributed
