geo,total_cost,total_impressions,total_clicks,total_sessions,total_atc,total_purchases,total_revenue,blended_ctr,roas,cpa,spend_share,revenue_share
US,145495.74000000025,15103443,201432,177249,29481,2567,330660.1299999997,0.01334,2.27,56.68,0.5689,0.54
PT,12761.449999999979,681174,17703,15658,2836,681,87436.09000000014,0.02599,6.85,18.74,0.0499,0.1428
UK,35905.849999999984,3954638,49545,43623,7278,594,76509.74,0.01253,2.13,60.45,0.1404,0.1249
CA,23103.75000000001,2627897,31931,28178,4565,356,46052.51999999994,0.01215,1.99,64.9,0.0903,0.0752
AU,20437.66000000004,2454122,28388,25048,4091,294,37731.74999999997,0.01157,1.85,69.52,0.0799,0.0616
DE,18026.700000000004,2245602,24901,21905,3642,266,33981.670000000006,0.01109,1.89,67.77,0.0705,0.0555
