creative_id,total_cost,total_impressions,total_clicks,total_sessions,total_atc,total_purchases,total_revenue,roas,cpa,spend_share,purchase_contribution,revenue_contribution
meta_c01,19043.000000000022,2813787,38886,34157,5752,291,37346.499999999985,1.96,65.44,0.2887,0.4081,0.4063
meta_c02,19511.68,2982947,40447,35488,6023,271,34995.43000000002,1.79,72.0,0.2958,0.3801,0.3807
meta_c03,8830.150000000007,1378505,18385,16256,2652,57,7453.99,0.84,154.91,0.1338,0.0799,0.0811
meta_c04,8186.039999999998,1287691,17072,15147,2450,52,6728.259999999998,0.82,157.42,0.1241,0.0729,0.0732
meta_c05,5524.419999999996,873061,11534,10212,1629,24,3088.679999999999,0.56,230.18,0.0837,0.0337,0.0336
meta_c06,4876.589999999999,792813,10314,9155,1451,18,2309.78,0.47,270.92,0.0739,0.0252,0.0251
